﻿<?xml version="1.0" encoding="utf-8" standalone="no"?>
<!DOCTYPE schema SYSTEM "query-policies.dtd">
<Policies>
    <QueryGenPolicy numQueries="10">
        <Policy class="uk.ac.ox.cs.pdq.workloadgen.policies.querygen.QJoinPolicyFixed">
            <Parameter>
                <Name>NumJoins</Name>
                <Value>2</Value>
            </Parameter>
            <Parameter>
                <Name>NumFKJoins</Name>
                <Value>0</Value>
            </Parameter>
        </Policy>
        <Policy class="uk.ac.ox.cs.pdq.workloadgen.policies.querygen.QProjectPolicyAttributes">
            <Parameter>
                <Name>Percent</Name>
                <Value>50</Value>
            </Parameter>
        </Policy>
        <Policy class="uk.ac.ox.cs.pdq.workloadgen.policies.querygen.QFilterPolicyFixed">
            <Parameter>
                <Name>NumTotalFilters</Name>
                <Value>1</Value>
            </Parameter>
            <Parameter>
                <Name>MaxNumEquiFilters</Name>
                <Value>1</Value>
            </Parameter>
            <Parameter>
                <Name>MaxNumRangeFilters</Name>
                <Value>0</Value>
            </Parameter>
            <Parameter>
                <Name>MinRangePercent</Name>
                <Value>0</Value>
            </Parameter>
            <Parameter>
                <Name>MaxRangePercent</Name>
                <Value>0</Value>
            </Parameter>
        </Policy>
    </QueryGenPolicy>
</Policies>