LOZNWFYFHQ,Th8324,HH77450,488,1.0
TZGTZESZFZ,Un4628,HH27008,291,1.0
FDMGRPDUEY,Ak3281,HH42845,449,1.0
MLETZYGOHY,My2037,HH91285,410,1.0
NPCNFQPQFG,Mh2664,HH84989,263,1.0
UGCHPVSERI,Bt1698,HH93746,249,1.0
CNIJJSQHJN,Kk6369,HH55313,363,1.0
OUAAZLXHBU,Ud8024,HH54002,103,1.0
LFDKIPCMNK,Uh5753,HH15796,234,1.0
LCFDUXDILH,Hw8055,HH35988,487,1.0
PLMJKIUEUU,Sp2898,HH76949,32,1.0
YVQAHWMMHL,Lo2524,HH67590,151,1.0
IAVESATDBY,Am6613,HH82432,14,1.0
OQDBUURUJM,Mg1971,HH98481,215,1.0
ZNJBAYMTNL,Yp9463,HH18456,379,1.0
FBIUHOEGYQ,Bk5446,HH81553,113,1.0
BKWPAUQGNM,Yv7341,HH20715,460,1.0
GNLKEXKUDB,Ib4055,HH53337,203,1.0
WAYLGEUFXV,Vh0646,HH34061,419,1.0
FVRGYSANAI,Ay5014,HH26685,73,1.0
IPIZIBGELV,Aw3145,HH12208,476,1.0
QVFRDQIJRU,Sg1699,HH38842,392,1.0
DDNGPKTSWH,Bv6272,HH32831,163,1.0
FJKEJKRKCX,Bg1440,HH05259,243,1.0
ACXLMQHZQF,Us0864,HH88134,121,1.0
FVTUGCXVAX,Ud5864,HH34426,497,1.0
XDQGESKXEX,Cx8100,HH67024,445,1.0
VZGDHVOGTG,Yn5042,HH86674,440,1.0
HWDFVNVVGJ,Vu2689,HH05458,492,1.0
HXDVXGIPMT,Qr9092,HH36988,290,1.0
ZIJXGYLHNN,Vn6150,HH53309,425,1.0
GYADZZNGTM,Mk9138,HH41334,156,1.0
GRDXTYPSYR,Xf4219,HH29960,36,1.0
PYSATPYHVM,It8123,HH70537,268,1.0
HEAFZXWUAM,Mb0897,HH29413,92,1.0
DOLCAOCREA,Qq9200,HH70753,65,1.0
YZKYSSHPJK,Ht9884,HH53258,307,1.0
ULIPSLJVSB,Ee6561,HH93532,155,1.0
RXBKEFBYKY,Bx5852,HH09910,206,1.0
XINYFEKBSO,Wq8705,HH28880,475,1.0
UJFUMMLDMA,Zl1095,HH42338,310,1.0
VYCEUVPRCY,Om8637,HH00750,446,1.0
FSTAWCFNJZ,Xq0784,HH92506,209,1.0
DHEBGXOKNU,Fp5444,HH81265,59,1.0
LPEAESXMJM,Cn2302,HH78839,181,1.0
QRJIBQUUNA,Cx5048,HH91324,302,1.0
IRYQZGBZMD,Lj6963,HH63114,362,1.0
DYAISPSIQK,Lz2337,HH53896,228,1.0
DJYXBHYIQF,Yh3676,HH08471,354,1.0
KNYTCOOICF,Sf6557,HH01721,153,1.0
VOEQSXQXLI,Wf9080,HH64725,35,1.0
QHUGMYIJEN,Pj1059,HH06566,191,1.0
KYTNJVFRVX,Lv0241,HH47476,464,1.0
PJBEZRDDGK,Xr3502,HH50716,401,1.0
RJHNHRFLKS,Gs2544,HH37621,396,1.0
VNWNRGCYJS,Uz2220,HH98558,8,1.0
VGTOEXCFEJ,Qr2013,HH25699,106,1.0
QATXVZNBIB,Nw7942,HH39156,196,1.0
WIETIOLABP,Bj2625,HH95953,272,1.0
LIDTCFRPUH,Md9888,HH56294,318,1.0
ZXUMKFTAUB,Jp1854,HH85515,224,1.0
LRPQWQPXPF,Cb3783,HH04362,85,1.0
GPULFNWXGA,Ux9610,HH36378,323,1.0
IWUFGYNMWM,Tx3765,HH85068,407,1.0
KXINKNCENV,Ww9411,HH51038,91,1.0
JZBCHQRAMH,Hb5460,HH09429,468,1.0
MJQUUOKWPA,Lg7372,HH34700,388,1.0
SHRGHTICDU,Bi0144,HH40146,67,1.0
YEQVRLDHPU,Nw6115,HH61429,408,1.0
YBHMEUDVDM,Cb9847,HH43173,315,1.0
SXQOYOAUCO,Pp0795,HH73030,94,1.0
BGMWUZYHOE,Tu6392,HH95778,444,1.0
ELAFFSQSAW,Fs5026,HH96618,353,1.0
ZVMUZPDIGJ,Si5196,HH60084,189,1.0
NLFHWBMWYM,Uv8017,HH07640,66,1.0
YULVRNZDFZ,Pk4809,HH40232,58,1.0
JXXVEFCPGE,Dc7537,HH80324,267,1.0
XEJYQCBQTW,Sd7021,HH05139,237,1.0
ZBTUZXRILM,Or7406,HH43466,10,1.0
MLEVXFKIAK,Kc1684,HH65616,287,1.0
TNLJKCAWSI,Ib7866,HH40959,247,1.0
SVTHPJORBW,Su8098,HH61979,414,1.0
GUXQVMSPJE,Xu5302,HH74005,301,1.0
CNQEDXGQWC,Jz0786,HH46684,12,1.0
XRUTIQCQBK,Wm8488,HH87054,6,1.0
AGYFDXCMUE,Km7588,HH07214,400,1.0
CAURRYWLDK,Dv7186,HH53596,466,1.0
LJEFNIWMBR,Ce5575,HH34659,69,1.0
JJNXTXVXLC,At7338,HH97404,319,1.0
KVLZOMAGFL,Uz6193,HH75261,147,1.0
DMHJXKZPUT,Ey2303,HH52860,397,1.0
BMMZIOFQZB,Cd9735,HH86666,288,1.0
ERFLCWRKXK,Za5352,HH97320,328,1.0
ECUTPNJDET,Yb0844,HH81951,447,1.0
RUNCIMVRET,He9812,HH98202,451,1.0
GNRJMUCWZB,Hc7711,HH94460,89,1.0
RIRLYRJRYW,Wk8196,HH81772,339,1.0
KTKNSOXGNU,Ev0627,HH95310,274,1.0
IAFWDUBFUC,Hg0796,HH15635,118,1.0
KTJYGTSBMR,Zj4985,HH10457,376,1.0
VWSTLZNIQW,Mv0211,HH26542,148,1.0
FWGTSCKWQI,Tr0245,HH30727,187,1.0
RUZUEKEYSL,Xh7289,HH40336,239,1.0
AOMGBJTEGF,Ks7881,HH96520,265,1.0
GXWBPTYVEN,Gr3163,HH25550,335,1.0
ZKAKMVQGVP,Ui0745,HH08952,204,1.0
CCOHSARDRG,Rk5042,HH39040,417,1.0
ILIHDVXYFL,Bp2423,HH81224,412,1.0
CDUVROSPLN,Yc3552,HH88541,441,1.0
WLUCCFWKJO,Qk2043,HH55194,93,1.0
LYBIARPUED,Qe1678,HH85700,82,1.0
SBBORLVCUF,Vh3090,HH89782,24,1.0
NCEQUFANSW,Ga9116,HH04205,344,1.0
GGIVTYIXZC,Xu4825,HH58098,389,1.0
EOPZJTOVDY,Fd7202,HH42673,462,1.0
BDTSLBRTKW,Zi4866,HH94710,416,1.0
GKUTKDWCEN,Ai1921,HH00079,216,1.0
MIPDOMONIU,Vg5143,HH59180,33,1.0
SYXWYEUOWU,Rq4584,HH75394,71,1.0
WAAMRHEKEI,Ws7208,HH37978,158,1.0
IPYBVDGMWE,Tw6839,HH95815,76,1.0
HQSIBZJMPL,Kx3144,HH98547,219,1.0
QWDHYESCBA,Hl8281,HH83308,383,1.0
RJZYTFAWLX,Pw5001,HH67228,484,1.0
WWHUDGGBNA,Ru4013,HH53299,281,1.0
KMHHVARUNA,Xr8610,HH62181,95,1.0
RIZIHBIUBM,Jg7191,HH19024,232,1.0
YGNRLSHWQO,Yf2955,HH71929,367,1.0
LPOIGRRMIA,Im1909,HH26127,192,1.0
IKXCIAPEMQ,Tl8143,HH91693,443,1.0
QOKCVRTBOR,Ya1599,HH04622,7,1.0
KJNTRVYCQK,Jt4936,HH10292,20,1.0
CYXCJSIPDU,Hg9297,HH81840,140,1.0
GOIWGRXPQL,Ga2547,HH09400,235,1.0
NZIETEIFFO,Fn2463,HH15425,257,1.0
ZXUHSBNYZX,Ri3600,HH42838,384,1.0
GWSEJNLSQQ,Cy5781,HH90665,355,1.0
TCCOJLKBGT,Fm3578,HH00195,160,1.0
LFKRRGELRQ,Rq3069,HH39030,72,1.0
XWYSQUVMXM,Pp9963,HH97807,145,1.0
KDKLFYPSZD,Gp7769,HH05699,325,1.0
GDLTVJHSII,Js7114,HH18934,31,1.0
ZHDIYIHMNM,Lx8481,HH91695,289,1.0
CRLYPCQLSA,Sh6152,HH27166,84,1.0
QITFGXJZHQ,If1092,HH08037,439,1.0
XPQWSYBJXD,Mg4071,HH18242,463,1.0
CVZLNTERYX,En6585,HH96662,211,1.0
UXPGQFOWXY,Ml4062,HH85687,469,1.0
CGMULGAMLO,Cf5569,HH92152,199,1.0
JVKEGWTHMX,Pw0900,HH20424,457,1.0
FKPHVUGEWA,Ul1234,HH57893,409,1.0
CEZNTQURWQ,Fn0493,HH84051,149,1.0
AJWXKWPOOY,Zt5668,HH61320,205,1.0
DLEVYMJMDT,Dy5459,HH45537,171,1.0
VFDEFZPNJR,Zr9161,HH63434,296,1.0
IGLJUYFGDX,Gl2782,HH11706,213,1.0
TKGPSNCBRB,Nj7001,HH00692,25,1.0
APZSEJQQVY,Ud1765,HH48380,188,1.0
NRVGZVJOKB,Ve8740,HH30170,259,1.0
BIAOGEWKIJ,Xw5318,HH30147,195,1.0
AERKKBXFYK,Vg8015,HH25902,413,1.0
IHEUFNQCBP,Mk4838,HH52657,233,1.0
PPVYBYTKTT,Xr1932,HH58943,49,1.0
FJXKMYWIUP,Op0672,HH08941,278,1.0
TLYADAPOYO,Ds3607,HH26670,427,1.0
ZOOSENLEJO,Vy5079,HH11923,21,1.0
ODECSLYRGC,Jh9598,HH01579,125,1.0
FYPRDKJXXG,Qh2910,HH11448,381,1.0
DVNQJEEPXZ,Rf9471,HH37699,336,1.0
TWEUIKVZYZ,Cm8883,HH61407,269,1.0
NXXHTHFYYO,No2990,HH83574,332,1.0
TQQODEHZDZ,Bn1287,HH74877,368,1.0
WHDBAUUZAR,Ym6527,HH13639,225,1.0
YMCTWZWMVI,Zc6961,HH13964,428,1.0
BLCZXPGWYJ,Vf4163,HH24221,352,1.0
OLYSVXGDYC,Tw5870,HH17352,236,1.0
YOMMKXTCFO,Fg4233,HH86069,482,1.0
GUEDMNMEUV,Lj2705,HH57951,165,1.0
BQJCJXFYQI,Ey9580,HH10165,364,1.0
UTSIYVKLIH,Ar2222,HH46276,480,1.0
VROFHERNIR,Bx5591,HH32955,311,1.0
DHDVALVEDX,Zd7203,HH75930,270,1.0
DJNXUKRCCS,Ub1299,HH04711,341,1.0
WWDZGNIRGW,Lm0011,HH14066,47,1.0
AVZOTMJBIJ,Hv9650,HH84019,133,1.0
JKDEODOUUK,Ka1685,HH73927,356,1.0
NOUTPJABUS,Ls1213,HH72939,378,1.0
GXGLWTTBCE,Yz8225,HH49379,186,1.0
SKRKIYGLCZ,Gp5939,HH89232,455,1.0
YAVTIYJCRW,Cy4265,HH65795,111,1.0
TEUHLTRVJC,Fj2050,HH56629,262,1.0
IBZZIUBOQL,Lb7802,HH74768,459,1.0
FXZVRKZFDX,Uf1122,HH45755,361,1.0
QFIIYPEMPY,Df8232,HH45721,138,1.0
XGFXYEQPTU,Cp0193,HH71992,198,1.0
OKUOIHKPTI,Kc7083,HH79762,292,1.0
CMSGGAUDFF,Dy5838,HH29465,448,1.0
OFHKPDRWWM,Pv4033,HH45859,231,1.0
WOBPCIWXJD,Nb5864,HH25219,399,1.0
GUEBCNTTKF,Xn3897,HH27501,324,1.0
UOAEVQMMNV,Te6577,HH73152,431,1.0
SVZWWGMYOQ,Rx5658,HH16319,57,1.0
QVOHNGQFWC,Qp7878,HH66913,256,1.0
EAVCGXMARZ,Cx1286,HH62265,201,1.0
NQIPQJZVDK,Fd2493,HH55656,162,1.0
CFGPCYLKNO,Lo7617,HH54918,421,1.0
OFCGCJZVFN,Na9707,HH55501,242,1.0
NUAFBLTWHZ,Aa1823,HH99659,79,1.0
NDSBBJLLTM,Lr9329,HH32997,333,1.0
XDIGMIEUQD,Dj3190,HH60668,50,1.0
FMSOHUNDYV,Qv2195,HH52215,202,1.0
YQEGBXTFET,Cw5942,HH84860,373,1.0
JSUCIBMRWM,Zr6125,HH61406,411,1.0
UVLOXOOLAB,Ht6550,HH58327,481,1.0
OFRTJDZMRW,Ik4895,HH02850,403,1.0
HDLZHLMGFE,Fc3082,HH16874,342,1.0
MZQAXWKHVL,Ib2919,HH23033,161,1.0
EFFDSWWNPG,Rs6668,HH17935,97,1.0
UOGGUPQUOK,Ej2473,HH13744,16,1.0
PZRVQGIYGE,Af4955,HH81009,322,1.0
EVLCIMSDKU,Tk8176,HH57680,53,1.0
WGOJUNTEHU,Sy7841,HH76510,343,1.0
RKIIRUIMIV,Ds8424,HH68432,313,1.0
HSIPKDFSSU,Iv3057,HH74245,52,1.0
COHDCEFTTO,Iv9572,HH32944,316,1.0
ETVZAUOQXD,Cn7197,HH87772,454,1.0
YXGDXAKJKN,Mk0892,HH43097,424,1.0
DSGASJXLCN,Yk0960,HH71316,477,1.0
AZGOQHWBFX,Ce1029,HH34606,387,1.0
JCSJMRYGIM,Bd6366,HH48760,40,1.0
GPDPKOFXZH,Ot2627,HH57763,207,1.0
BROBCXKQDA,Op7488,HH70962,320,1.0
JRAZBCKNPU,Dx6817,HH64948,338,1.0
RIOXNCSIZG,Kj7151,HH59882,273,1.0
MPSEWXEIVY,Rg0324,HH24180,494,1.0
PWACXBCCIY,Bw7184,HH29382,434,1.0
DZHHOMMLNJ,Na3449,HH01206,350,1.0
AHLIUNSIOB,Ti9227,HH56122,114,1.0
XDPNPJHUND,Pl0932,HH97484,359,1.0
GASCMXMOAU,St7448,HH10157,55,1.0
MDVAUXUQBA,Lb2632,HH03540,299,1.0
JZBHWYKYVW,Iv6705,HH55531,42,1.0
EZRLDUIAON,Jp2511,HH34320,306,1.0
FFLESCVKDS,Et3360,HH49397,471,1.0
ABJNVKRWUH,Vm6094,HH75460,108,1.0
XWVEVQOEFW,Xx5541,HH02635,74,1.0
KLLNERXMVL,Gd8803,HH19807,23,1.0
RGGTCWOXIG,Yg9434,HH99337,150,1.0
PQOXCLUVPE,Jt8906,HH17512,485,1.0
GAGPBQKVKH,Vk3690,HH69821,276,1.0
FUNJTYJWKZ,Bh9474,HH83023,358,1.0
HVTEFDXKEE,Zg9790,HH66059,489,1.0
ZWZAIYDOLD,Er2325,HH06053,172,1.0
PNSMMQXJCC,Hg3379,HH21702,374,1.0
WITMCDDEOD,Be4633,HH73071,366,1.0
SMMJRXGQPR,Dp8429,HH52947,83,1.0
EFELAGUHDD,Ei6692,HH88635,101,1.0
VZNGVDYGVP,Ec1635,HH66645,183,1.0
PVVMRKHMJV,Xb5798,HH66074,369,1.0
NGFEHOIJAH,Sn2517,HH24706,372,1.0
KOMJTGRDHK,Gq1520,HH40444,28,1.0
YTFWTTZUHR,Ju8293,HH12644,15,1.0
ZNQBEIZJCI,Uk7590,HH89174,380,1.0
TGFIZRPYDY,Sk0284,HH38006,167,1.0
MGABULHRLA,Oe8697,HH08216,146,1.0
JRUFFEFRSA,Jo8477,HH17101,88,1.0
XIGIDNRAPQ,Mf0926,HH59744,68,1.0
SAGTPNXJSN,Sc1967,HH79586,222,1.0
GFJVRXOEDR,Gi5339,HH62162,229,1.0
YEMAMEDEZT,Sp4258,HH78662,210,1.0
LCBBBXBGVX,Lu5262,HH85209,22,1.0
UJFWRUMJJG,Qu1831,HH78247,62,1.0
QUMSSUVEHH,Zi8564,HH69012,305,1.0
KQKSAIVLHX,Cv1446,HH89204,137,1.0
WYJNJGUOTY,Xz4928,HH49095,122,1.0
XXAGPPBPYS,Fs1020,HH05429,309,1.0
YLILGGAZAI,Tj4756,HH80511,144,1.0
UPVJFVVWKZ,Sh9165,HH73808,499,1.0
DFENSXTJCQ,Ry4673,HH16852,330,1.0
QGUBLDXCAL,Ls5866,HH27857,226,1.0
ZFQHTZAPFF,Pb1513,HH41966,277,1.0
MELPYHTATF,Eq4464,HH99226,297,1.0
XBOJECTZSA,Jn7853,HH41310,177,1.0
TSLQMJMZPY,Tn0451,HH77462,327,1.0
GRGSUFRGOL,Zq8441,HH40448,244,1.0
YHQQSHPCWK,Ar5785,HH71670,182,1.0
QQYGWXIHCP,Gy9038,HH03353,391,1.0
ULNFZCLENR,Og1614,HH45254,190,1.0
EALRWTUDAA,Cd4134,HH26808,30,1.0
UCRHMKROFQ,Yz8074,HH53980,44,1.0
ZXAOANOUJE,Ek1549,HH61783,77,1.0
YGDBJIRZEC,Lh7790,HH73129,360,1.0
EKTMKAUZVH,Vb3286,HH73801,221,1.0
AEHWWREIMY,Dl6519,HH00883,180,1.0
VDJZRCFIAH,Fp7836,HH17592,48,1.0
IKKDJYHPPN,Px0893,HH90181,246,1.0
PJYDZRDLCJ,Lb6343,HH86188,365,1.0
HDLIGDPIJF,Ir0634,HH67746,331,1.0
APONMOUZEP,Pu5233,HH95438,200,1.0
QILMCOLCJA,Mu1376,HH87429,442,1.0
XVXGIBYKCI,Ss5051,HH85574,283,1.0
SQJAIETJEQ,Lb6982,HH87209,467,1.0
UPJOYBAOAL,Ph0053,HH88936,436,1.0
YWNTNMWMBN,He2360,HH20190,473,1.0
AYXTUZVPKI,Lp8749,HH65954,37,1.0
XNZPMXZOIU,Up1059,HH00550,453,1.0
HYMYDWEGAM,Xj9383,HH23260,495,1.0
QIRLPKPTEA,Lh7640,HH30844,349,1.0
FZWZXQDFPR,Hr9530,HH72566,284,1.0
DWAGPYAFTW,Wx4850,HH03192,329,1.0
NTUBHDGYNX,Pl0020,HH84683,75,1.0
XISKPCRUTQ,Pz6042,HH51480,98,1.0
XNLJGUHLAH,Go0692,HH91145,472,1.0
RSMPPMOJNR,Zn2311,HH89628,271,1.0
XFQNBKZHPA,Vp7769,HH03030,212,1.0
CAVIHSBWGL,Js4408,HH61638,9,1.0
YXMVEDWNTV,Jo3328,HH84596,107,1.0
GUEAGSSMOT,Mg0462,HH83796,415,1.0
QLIYWYEWUI,Ng3689,HH95500,264,1.0
ZWESTZBQAO,Px1302,HH64050,185,1.0
KHRMBGORUK,Pz4540,HH65850,104,1.0
YNKDSKFIOT,Cc7214,HH26215,123,1.0
PXPCMEAGHU,Vx6716,HH75300,1,1.0
TWLDWLDNFB,Zc2393,HH05928,348,1.0
OIZOQFOXSY,Ud2560,HH45983,458,1.0
LPUYKUCILX,Nl3094,HH21330,105,1.0
BDBVLJMUVM,Dt2099,HH69156,43,1.0
OIVRWFCIUB,Hr5748,HH32183,119,1.0
QTCCVJVGSE,Mm2973,HH09596,326,1.0
EZOOLUQICG,Vq1680,HH79570,295,1.0
YXRQTDOSTU,Ak3217,HH13110,87,1.0
CEEBGPQMPI,Ed2862,HH41913,500,1.0
GKBFWEZMVB,Yr3906,HH95666,423,1.0
NFOPELRQJH,Wh6170,HH47629,54,1.0
CSRQCVTJDI,Dd3034,HH79933,128,1.0
NNBNVLQVWG,Jr7619,HH72864,382,1.0
RJYRXINDNN,Bh3698,HH41679,131,1.0
OLDVSLYHTH,Ow0820,HH75943,60,1.0
RXSYTZQVTS,Ei9755,HH70906,169,1.0
VQAYBGSQFG,Ze8164,HH64860,450,1.0
UGXGGOHBPR,Wt5307,HH51708,261,1.0
LOPGVRHWYI,Kq4654,HH83739,208,1.0
PMSDJIZXGT,Wn2106,HH04467,347,1.0
AXAAZYBQOC,So3362,HH23580,173,1.0
NAEQGFUZCA,Rs4262,HH30727,308,1.0
KQCHRAWCQU,Ve6723,HH73616,250,1.0
SWSEIKXJXU,Ss3438,HH79768,34,1.0
HCBEFDJWBA,Ua1466,HH26156,286,1.0
RRVQVFKALC,Tx8953,HH40589,154,1.0
TDKNSWZHUI,Bg0610,HH69214,461,1.0
CUHHPMBELH,Rs4980,HH54467,418,1.0
TRDYBWKPTI,Gc9098,HH19570,393,1.0
YPHNOXBIGQ,Kn5766,HH13640,452,1.0
KBRJYIZGIY,Qy8366,HH90490,294,1.0
WWOCINDXJM,Sy7613,HH79920,260,1.0
CRDHNBXFQE,Tw2085,HH09537,317,1.0
WWBVCTSISO,Vs7132,HH23608,39,1.0
PXIWTQBJAC,Kl5867,HH80667,493,1.0
JLIRNFERJO,Mn6020,HH83089,386,1.0
THQGZZSPGC,Cg6744,HH40954,63,1.0
AOEOTBLJJB,Gv7708,HH79339,465,1.0
XGHGIAHDDV,Ux5869,HH53084,81,1.0
IZVWMVZLVO,Uw5293,HH35183,127,1.0
TXKNQDYDSA,Zk3579,HH42262,174,1.0
LVOGHIOWXS,Pa2084,HH05297,300,1.0
LDPQLORGON,Mq1842,HH04662,129,1.0
UZAIJYNOEJ,Zc3776,HH23682,5,1.0
MYYTNWWHFU,Tp3571,HH84764,491,1.0
OBBXJTSGDQ,Xf4878,HH43073,110,1.0
RAMUHAWOLA,Ta2282,HH48239,3,1.0
UPNTEWNKIX,Go2935,HH38666,394,1.0
BGQOICEYLK,Ks7914,HH23699,179,1.0
WNFYKVPITQ,Cq6269,HH05567,337,1.0
BLRHMSKORV,Sh1074,HH82606,433,1.0
DENZHTMIHJ,Ul5442,HH60986,253,1.0
ISVFLHCQDC,Ro7885,HH90679,170,1.0
VGTJPTHATT,Zv1497,HH16893,120,1.0
HYTFJHTNTS,Ju9968,HH59202,312,1.0
HHNNKNTJVF,Do4471,HH18895,17,1.0
PMNRTDWAFF,Cx9611,HH00759,100,1.0
UKKEEYCWIB,Pb3883,HH48180,11,1.0
RSAMWLJJWE,Ff0267,HH18230,2,1.0
HPUETWYESW,Xs9235,HH31021,279,1.0
ZGHWYFZJJQ,Pm1696,HH93868,124,1.0
JPNULAKRZE,Bv5428,HH19544,86,1.0
IANSNOWVHY,Py8238,HH06654,70,1.0
HIBMVTLPRZ,Za6153,HH60567,438,1.0
DSYTDENPAI,Dw5150,HH01309,159,1.0
PWDJULJKBQ,Cd3476,HH94634,370,1.0
TSJRFLWAZW,Sl7636,HH25797,402,1.0
KDPPBDMGEL,Yk3661,HH83918,78,1.0
LWFCGUSLYR,Bd4921,HH70315,46,1.0
HSYVGERLMM,Pd7153,HH34065,456,1.0
WZDWLXNDWF,Be5547,HH01474,282,1.0
UOUNIWRQNZ,Dy4119,HH49736,238,1.0
QEOKUVGHLN,Oa1782,HH02668,252,1.0
TQETRGLXOK,Yk5484,HH47813,429,1.0
DDEBSWQDKX,Dk6679,HH44834,266,1.0
ZUTUMFGFEN,Bh2740,HH70186,18,1.0
FEGLZTCAJK,Vo0518,HH19352,422,1.0
NHSYGLPZDY,Ur7539,HH64183,340,1.0
KQNENSXBBO,Qn7807,HH40975,194,1.0
CUXYUJAINN,Sn5830,HH64852,395,1.0
HZJHQDPQPE,To6392,HH63862,152,1.0
OGNVXDKXRR,Ww4370,HH23303,490,1.0
DMQIWSNJIK,Tr7463,HH88470,470,1.0
RMFWWQVFXB,It4201,HH74978,275,1.0
AGAKEAQVBM,Lr2778,HH63536,390,1.0
QPFQJDMBAT,Dg1504,HH17558,115,1.0
WIAMYAQQVL,Ib6995,HH81200,258,1.0
YPAEXSXUCB,Hm1477,HH87412,51,1.0
WFVITOEUVJ,In2155,HH61934,251,1.0
PWTKSEBTJY,Tm7356,HH59649,245,1.0
CQMNPUSAII,Wk3987,HH28323,432,1.0
SUTZDZVAFU,Cq9346,HH23664,168,1.0
LCJFDOZPIR,Ek9132,HH35999,96,1.0
LCSBUKILWK,Mt9660,HH39101,285,1.0
HWUYUTJMFI,Fh3476,HH31331,385,1.0
FHMVMFGCXN,Do3833,HH48484,109,1.0
JRYQFQPZGR,Jd0198,HH10160,141,1.0
SXKRGNCBMR,Xi9055,HH24671,255,1.0
OKXUZIYQZO,Jz5004,HH48488,117,1.0
FPSXOTYMIO,Lc7576,HH36286,116,1.0
WMYJQSBWKC,Jj3663,HH20525,175,1.0
RLZSCRQOVU,Lq8959,HH36908,254,1.0
BFQEYNXEKJ,Ai2984,HH78794,437,1.0
XBVZRKZQDF,Vy5318,HH62802,496,1.0
TUXWTHOELY,Yi6628,HH11248,218,1.0
IZNCXBLECP,Hj1111,HH08811,240,1.0
CUJYIMOLNR,Ln7611,HH53407,126,1.0
VQYCRHEJFF,Ky4041,HH36540,474,1.0
VLMJORJBWA,Zw9041,HH36243,61,1.0
OCWZJSZCMC,Qg2248,HH29882,99,1.0
DAJWIWQQQE,Xt0552,HH27169,486,1.0
WFQNUQPGON,Fo0281,HH21114,351,1.0
PJLNCNKDSH,Wa4417,HH36273,345,1.0
GPIUHLFJYV,Pz0146,HH65231,2211,1.0
BWJFCCJNIS,Wp9176,HH74874,2116,1.0
PKVAATINAT,Lj0261,HH66732,2142,1.0
TPGALKFJJW,Ib7054,HH93525,2343,1.0
HFGJJFJAWM,Qx7816,HH86279,2271,1.0
IRFOHAUMPN,Mu1162,HH47665,2028,1.0
OINDRCAOAU,Jr8935,HH03400,2099,1.0
LKNPVOCQSH,At5419,HH78317,2112,1.0
FYZXAJGNEV,Kh8772,HH94779,2318,1.0
JWSNCGRBGK,Ik5168,HH46235,2034,1.0
FWBGHXJKGU,Wa5747,HH29627,2096,1.0
GVNYHQXICA,Ms3263,HH62777,2032,1.0
ZKNRCWHBUO,Ue9691,HH77155,2365,1.0
RXTRKVMFJJ,Mt1470,HH48289,2001,1.0
OQPNXDYEQA,Ag5962,HH11228,2106,1.0
CBCTJTLYFL,Kt6528,HH99860,2143,1.0
JUHWHGNNRX,Vb3931,HH40762,2113,1.0
CDSDGEFNUJ,Jd2144,HH24462,2051,1.0
SEDPOKIBKR,Vt8899,HH96012,2044,1.0
DVGMFMZWKE,Jp5655,HH51816,2390,1.0
KARGXAMTKK,Iv5037,HH34302,2170,1.0
UTVQDULEXV,Rb2122,HH35295,2165,1.0
HGWBBXEMUY,Sw9892,HH51813,2087,1.0
XGWOKTGGYQ,Fq5665,HH39163,2257,1.0
CQQTVWHWCZ,Te9332,HH74990,2329,1.0
WBIKBCTHGF,Fg6389,HH94274,2295,1.0
VTSUESCXOV,Go8077,HH99191,2129,1.0
FIMJAMOKCE,Ca7287,HH35786,2006,1.0
KEUONTUQAD,Pj5902,HH11577,2003,1.0
RMQXXIJNYJ,Oo3080,HH45680,2073,1.0
ZCIAHBZZMV,Nm4291,HH67818,2301,1.0
URRUDKUPRD,Rv6900,HH00991,2258,1.0
IXVRCWUQPO,Uk7456,HH41424,2470,1.0
QLFUJMWHFY,Jx6211,HH36643,2163,1.0
UOVORBJGVG,Yu8184,HH38609,2224,1.0
BHNXCIGJVG,Zp3723,HH85998,2302,1.0
MMSAKQHKMP,Mi5765,HH29411,2499,1.0
PGIHRASTPK,Th2219,HH60553,2309,1.0
SYXPRFPBIU,Lo7193,HH49969,2369,1.0
HQHJLIIGXH,Er2508,HH76071,2396,1.0
AATFOXAVYV,Nh8263,HH13154,2375,1.0
SUYYZYYCFL,To8546,HH86860,2308,1.0
AHJDZCFBKN,Vu7126,HH64058,2374,1.0
VLSHTHVIZT,Wj4483,HH97510,2091,1.0
RNFLBHFEHZ,Ma7849,HH82714,2056,1.0
DHRHEBDIMT,Au4175,HH02863,2175,1.0
VAMRLPXVGV,Cd1875,HH02491,2383,1.0
YEMWKRRJRM,Oe3654,HH09261,2395,1.0
CMQSLXKWSW,Bh3103,HH34042,2237,1.0
TJCGXVJCYV,Qj9508,HH34387,2046,1.0
MQZDKCAXAJ,Hs2196,HH03641,2322,1.0
WVMIAOJTCE,Rq4839,HH92642,2278,1.0
MOXGBZUHAE,Dp6701,HH19733,2192,1.0
CYTLIBIIJM,Bo9341,HH13690,2078,1.0
AZAIDQQRHO,Wf1994,HH06373,2307,1.0
YGLDGQCPYH,Ll8944,HH08558,2234,1.0
DNLAIXHYWH,Ue1155,HH72723,2430,1.0
KKWNFWAOPT,Qk5427,HH33434,2412,1.0
MSNILGJPGH,Zs3523,HH56145,2240,1.0
MMTGPZKUIV,Mv5300,HH80474,2123,1.0
IQCFOGQJXY,Iz7465,HH74451,2440,1.0
NJIFQZTWUS,Em9008,HH84048,2264,1.0
BWCKGHDLLA,Yv2176,HH64708,2357,1.0
MYWSKKUMQS,Df4484,HH92622,2066,1.0
MYWFCLBZOJ,Ut8878,HH30368,2339,1.0
BZURYXQKPB,Kx0195,HH32292,2160,1.0
RTLUGJGJGB,Sw9996,HH11973,2040,1.0
TQCFLTIBQQ,Zb2771,HH82525,2473,1.0
SVJKUSQEEM,Qp3869,HH48330,2351,1.0
XAYOEYVZMD,Jg4435,HH62281,2121,1.0
WEERVSHTZV,Ah1426,HH55967,2029,1.0
LFMQXLDKDY,Lz8488,HH75349,2289,1.0
POEZALEUGX,Im0513,HH50109,2312,1.0
JZCXLQDFQE,Aw8011,HH30582,2225,1.0
CBULUHJKNR,Yg6575,HH80937,2410,1.0
VIKSGBGWRC,Hn4974,HH00296,2202,1.0
XAWOXKKGNV,Up7098,HH50346,2461,1.0
HVQUZOVXKZ,Ta5336,HH30867,2144,1.0
QOVWMMIOVJ,Ah0599,HH63060,2206,1.0
UYCMQDYNST,Hu0057,HH20533,2101,1.0
QUGBZJBORP,Po4443,HH54752,2337,1.0
GIOTAOPZAB,Iz5381,HH87152,2108,1.0
GTBOLMHUFP,Zc6841,HH15653,2157,1.0
GRIFOLJSDR,La5864,HH68678,2414,1.0
NFBYORRARQ,Fn9383,HH04565,2304,1.0
LINJZXDNTX,Ia8817,HH71935,2156,1.0
LYDPPIKLIT,Ez1978,HH64524,2139,1.0
KSZABGBGRE,Cf4884,HH20568,2015,1.0
ABDIRIXFUE,Gr6550,HH45985,2261,1.0
WLCFVGQTRZ,Kk3398,HH58228,2467,1.0
WHWKEBJAOS,Yy0858,HH91495,2290,1.0
KRDFKVBHPB,Gl0594,HH63961,2220,1.0
ADFIJAEBTQ,Rb9925,HH99015,2110,1.0
KGIANMVBDQ,Es3324,HH42566,2128,1.0
ZPKSGNZUAP,Bg8483,HH58519,2244,1.0
EKRCOWDZBA,Lz6627,HH62396,2083,1.0
FBRSVEAXVF,Fx6008,HH07597,2042,1.0
PNBPFTZMPG,Jx7907,HH65795,2004,1.0
WNOIIVBCPM,Ex6384,HH44266,2418,1.0
PEOAFDVYPF,Iq1001,HH06989,2174,1.0
YVDYTZTDOV,Yi3100,HH57296,2494,1.0
LFBURSABNH,Xf4348,HH72182,2135,1.0
MUWODFZDWV,Pm3506,HH01118,2059,1.0
IQKLUVUNDC,Xh0924,HH80439,2149,1.0
BQHPVRNBJH,Td1122,HH89025,2105,1.0
QEVQQDMETB,Yy5182,HH06263,2048,1.0
IMOSPQKBQO,Pp3908,HH38555,2246,1.0
VTAOTSHKNB,Vu7302,HH22258,2008,1.0
JBIMXSDKIL,Lc7428,HH21251,2228,1.0
TZPXYURFPC,Kw3272,HH32056,2481,1.0
FRYQBYUIGF,Nq4553,HH15755,2319,1.0
LPQZNBPOOF,Mw6971,HH60588,2256,1.0
BMJVKJHAHI,Pd1612,HH83789,2442,1.0
UCFEGXAIWD,Ez9830,HH65433,2187,1.0
RJTGENZZKJ,Uk9641,HH03279,2154,1.0
KQOYEMNBVV,Ip3409,HH29105,2447,1.0
BNHPBKWOUV,Ax2249,HH83086,2024,1.0
VHCEUOYRZL,Hw4359,HH75890,2362,1.0
BYMEUQTFEG,Kr6656,HH00984,2090,1.0
YBWPLKJHET,Xv1556,HH57135,2201,1.0
MITCHOFZHA,Dp1138,HH54390,2484,1.0
LPHPJVXTTU,Vk8486,HH84892,2064,1.0
VVGVQJJBRN,Vp3436,HH56768,2482,1.0
MAMDCHQDTJ,As2240,HH07073,2045,1.0
UELBSQIULU,Xd6917,HH47918,2413,1.0
HWYDSLWOYC,Eu6968,HH90846,2236,1.0
LWYXRJOELH,By9115,HH70831,2117,1.0
HFRXIQNFZG,Df4896,HH35911,2266,1.0
MANUQTQLTR,Zh2472,HH18205,2323,1.0
AQBDLMWXJW,Kd3576,HH23741,2168,1.0
KJLKSCGPVA,Gq3925,HH59946,2251,1.0
UGUVPKWUUO,Mi4688,HH39659,2284,1.0
QCQAXHAQKF,Lm0214,HH92689,2093,1.0
BHNHMEXWVJ,Xf3320,HH98761,2446,1.0
SXFCFBFWRS,Yj5367,HH15302,2138,1.0
LRHLEVFMOU,Ld5415,HH20395,2080,1.0
IGWKYIQWGP,Sf9368,HH60266,2411,1.0
PSKMMWXQKV,Za4716,HH69204,2282,1.0
TIPOHBGXQE,Ke8181,HH68004,2075,1.0
RZXOXUJBIP,Gz5487,HH17620,2378,1.0
FAHMFNJSCG,Lf8483,HH82196,2377,1.0
WRUOBEKLFU,Xj1717,HH18274,2385,1.0
PDMHCRXAKM,Hw4566,HH38619,2427,1.0
ILLFBXDZQX,Wa5854,HH00933,2408,1.0
GEMMRPPPFW,Lm2644,HH39959,2311,1.0
GGBHPYXMRI,Jk2998,HH95605,2107,1.0
ESAXFDLTTH,Ul4527,HH50221,2089,1.0
CLRKHDERJE,Sp5812,HH38235,2085,1.0
HBQPVANFIV,Ad5201,HH92434,2255,1.0
HKYUXCQOKV,Fq3360,HH84831,2269,1.0
NWPFETUKFG,Gm2866,HH90447,2276,1.0
LCDAEHQAJD,Eh3169,HH86816,2134,1.0
VGWIYEBMQO,Os7879,HH33979,2443,1.0
ONUCCFEWZC,Vs8808,HH70662,2457,1.0
VMUGXICCLF,Xu4728,HH17093,2119,1.0
AZKDBAVXOW,Nf9724,HH70140,2065,1.0
DGZONXNVGF,Og2570,HH62171,2047,1.0
XPWWNVFWMK,Uf8438,HH69566,2219,1.0
ANNRBRHUJI,Vn6656,HH17281,2007,1.0
VWGRPQIYPK,Ci6030,HH89762,2148,1.0
FVYNHFIWZN,Yk2184,HH36100,2054,1.0
AVMWISKCXR,Zh2101,HH00148,2176,1.0
DBKPUEFSJQ,Zc3092,HH77445,2100,1.0
PXZTAGRHJU,Qv2726,HH95877,2215,1.0
FAHJSWRXIX,Pa0057,HH87384,2350,1.0
NGTOUFHFRR,Ks0689,HH29607,2137,1.0
GCLUPQPSGI,Ab2517,HH11756,2267,1.0
GLRNOAMGNS,Hn9255,HH83987,2179,1.0
PLUUCXRBUE,Po2126,HH16187,2448,1.0
POAXZAJOZX,Rt0174,HH76145,2214,1.0
BOWZMLYHEZ,Xk5442,HH26771,2012,1.0
OLATKMMQOJ,Lp1540,HH62578,2382,1.0
LMJQXORHKL,Yg7418,HH40426,2476,1.0
AYRMAKTVBX,Qt1860,HH67517,2120,1.0
VRDHDYGWXB,Ir5564,HH12055,2393,1.0
RJTOFAPQSS,Dw7709,HH40491,2254,1.0
KMMRUXZGRZ,Lg1524,HH72692,2436,1.0
ZWVWDACEBZ,Nq5768,HH30745,2340,1.0
KUCNBHQJFK,Hs7846,HH57260,2088,1.0
EWLPWIRDUL,Hu0024,HH89506,2397,1.0
VQCQECXEOJ,Tp2667,HH04797,2338,1.0
RIKQFNZFDR,Hp7709,HH22869,2223,1.0
XBHBKNMXRF,Mh9635,HH44449,2158,1.0
MSLXJRIRUL,Mh2412,HH28404,2061,1.0
QIPRVFKWPU,St6534,HH25144,2052,1.0
QAIJUZGOZH,Uq5859,HH23235,2455,1.0
CTLAXEWPEV,Ff6563,HH82390,2109,1.0
ODGBTZPDOZ,Gz0972,HH02509,2023,1.0
OTREWARWSH,Lz9600,HH65158,2171,1.0
NDLLGICXJC,Oe1516,HH92725,2082,1.0
PGOWJDBXXW,Io2912,HH29348,2025,1.0
GELDRKZEKG,Yv7378,HH09526,2162,1.0
DTYQUIIVZS,Xz6588,HH30444,2094,1.0
WIKUNKZHNL,Jz4000,HH47271,2277,1.0
ALCDEREDRF,Ox9788,HH61636,2185,1.0
BISVOQNJSG,Jq6818,HH50941,2074,1.0
BNJOCFGRIK,Wm7828,HH19601,2445,1.0
FWJCXSCREJ,Gf5511,HH74898,2092,1.0
UDMAVSQFWV,By7897,HH21926,2217,1.0
PCMKQBWDYQ,Px1521,HH61732,2222,1.0
ACNWBXSINJ,Un7659,HH22273,2260,1.0
GPAKNXAHUO,Yy1422,HH79715,2167,1.0
ROKMENSPUC,Xp5605,HH72982,2465,1.0
EEWVVFJJON,Aq2359,HH77204,2372,1.0
XLGQAOOOGX,Gz5304,HH18333,2293,1.0
TJBMYTLZJL,Al3566,HH34730,2076,1.0
MKJFKJJSEK,Po4699,HH71324,2104,1.0
UZAUEWFQLN,Vk9107,HH61403,2325,1.0
EAXWQWCNUH,Uz7828,HH15558,2249,1.0
BUQUHYENZK,Kc8267,HH46697,2057,1.0
QMEMVBWXRV,Ql0161,HH42093,2321,1.0
DXBYUPQNDI,Ov7346,HH28254,2181,1.0
GFNDESTBJO,Hr1693,HH06744,2324,1.0
XOJPDOSQFQ,Lh5673,HH50319,2379,1.0
EGUJTIVLNQ,Gk9409,HH29812,2072,1.0
KDNKVPZWYQ,Eo7693,HH95651,2166,1.0
NOIWKHUBBU,Rl5109,HH37612,2030,1.0
UPTVFAEAZN,Hi0614,HH82387,2477,1.0
VJLGFVTIBU,Jg0146,HH49519,2262,1.0
UBGHQOGGZW,Jk9211,HH30390,2247,1.0
VCXVPWWGYO,Do7212,HH39555,2021,1.0
WNAQZNKTKU,Gt7163,HH61607,2387,1.0
LHKTEGTAPQ,Qo4136,HH17845,2069,1.0
OLHRBTTKDP,Qj9047,HH97413,2272,1.0
HIRMZLRDMP,Hz0494,HH04383,2079,1.0
MLXLCGRNBA,Ai8677,HH97964,2161,1.0
CIRCCWHOLP,Km8180,HH02121,2199,1.0
UNXHCDCSLT,Jv5211,HH04007,2353,1.0
ZRMAWGTVOV,Df9649,HH29644,2050,1.0
VOQLNODWQN,Gj4496,HH48713,2055,1.0
BAEVVFOKYG,Dg4697,HH97606,2263,1.0
WZXKUKBACM,Fx0051,HH55745,2392,1.0
RCOYDLSMFN,Wh7002,HH50538,2136,1.0
TXRBZLZIRZ,Hj3299,HH93346,2316,1.0
TYLJKJKSKT,Cm6079,HH83814,2062,1.0
GDCJLTNUXK,Hg7042,HH18944,2471,1.0
ODHEVEBIEI,Fs7119,HH70565,2038,1.0
VKWHOCKFAM,Ts1372,HH35012,2345,1.0
NULPNPDAZJ,Pf8439,HH90732,2253,1.0
HTXNGNNHGP,Mt5850,HH52651,2435,1.0
UVKBINHMQP,Uq9886,HH91443,2188,1.0
DXYFPAYTOU,Qf6513,HH25636,2421,1.0
FNNXYMZYHK,Oz6992,HH49500,2320,1.0
IBDULKWVBC,Tb3640,HH94153,2238,1.0
AZMHDSTDCR,Ry6083,HH82676,2131,1.0
UTTWLTYFKE,Hz5010,HH77185,2367,1.0
WSQVXNIRWZ,En8943,HH77048,2306,1.0
ZCLOZGGKJR,Bl8425,HH53232,2310,1.0
WHTMEYMZDO,Bw1998,HH29617,2314,1.0
RUSHLBTCLI,Sn6160,HH89360,2331,1.0
ANJBMLLJGH,We4501,HH36673,2475,1.0
EWIEPLNAWA,Nn9178,HH33448,2060,1.0
RCJEPGIYMI,Zw3463,HH00168,2415,1.0
SXCWCJMMXF,Lb6255,HH17778,2355,1.0
KWVAOGJLQY,Ph1952,HH56063,2017,1.0
QDESNENLMB,Cx4406,HH45669,2230,1.0
WRWYSLEUVR,Vp1858,HH04628,2145,1.0
XPTPKTOWWU,Nv8894,HH13841,2426,1.0
NOINKYHSSZ,Wi9895,HH70737,2449,1.0
OJQTXKMAQC,Pp9843,HH69970,2203,1.0
RUJRAEFHQH,Ug3994,HH88302,2002,1.0
HKQGBVFYCS,Ai3821,HH02239,2204,1.0
TPJVPKXKGQ,Yx8121,HH53692,2182,1.0
AGASPATZDE,Vf0759,HH21305,2359,1.0
THZKZFTFMN,Ad6451,HH31771,2177,1.0
XCFDIWBBVU,Kd7765,HH71409,2010,1.0
ERMMZPYQLX,Pr7161,HH38567,2115,1.0
EJJXYEBVWT,Sc4144,HH10313,2491,1.0
BDULDFLLPK,Zt9231,HH99460,2479,1.0
OYDQVVZKUZ,Rs2830,HH85008,2019,1.0
WSWKJXITKJ,Ip1276,HH48559,2474,1.0
LSNZFHSKVG,Qi4251,HH86192,2366,1.0
VBIQJCMLLM,Tz1486,HH59541,2086,1.0
BYYZHFTVVT,Co0309,HH93654,2330,1.0
EFGFBTCYPH,Oq8200,HH16129,2398,1.0
JBPCGFKHWH,Mx1968,HH20359,2368,1.0
JXEQTAWNKB,Xh3033,HH25528,2103,1.0
KROXMDZKUK,Rb2762,HH67116,2009,1.0
OAILMAFKUX,Vs2340,HH59997,2288,1.0
YQUAJABZZL,Ez0274,HH36205,2194,1.0
AZWCDVSFNA,Au4276,HH88305,2252,1.0
BRIZLHIGJG,Oh3830,HH49135,2130,1.0
ONVHACNZKQ,Ay0052,HH71674,2296,1.0
HRYXKDCZBG,Vs2288,HH26391,2363,1.0
WMOAHUZSIG,Yc7061,HH47008,2333,1.0
KRJCGUSGKQ,Aq2275,HH60908,2495,1.0
YKEUTQBTXY,Uc1578,HH43907,2031,1.0
HJXXGAZLYE,Hx3385,HH85446,2334,1.0
QPCJDZZLJI,Vt7484,HH48493,2286,1.0
CIODAJJZJA,Td9201,HH88714,2432,1.0
UGTCHMRCYD,Wz6054,HH75006,2180,1.0
SSGECBHJVL,Ed3418,HH51679,2389,1.0
GZWXULJUCT,Vw7674,HH25854,2159,1.0
NNYLSFNNXK,Jg7790,HH49110,2402,1.0
OUWFIKWXVN,Wq1541,HH60859,2067,1.0
GPGLJOHPIB,Hr0918,HH51238,2386,1.0
LSKSGBFMVD,Kd6195,HH20349,2126,1.0
VIMEZWMIHD,Dx8001,HH88160,2172,1.0
OEPOUAJUNW,Xe0601,HH47560,2014,1.0
ECIZEBVUMH,Mw9132,HH22771,2376,1.0
IFCBPBKONZ,Df9665,HH31197,2068,1.0
KXVQBZUEKI,Zb2498,HH42655,2500,1.0
MUMDKJCQSX,Oa9639,HH11566,2245,1.0
EYTLMKSKLN,El9317,HH82748,2364,1.0
UDOLLCVVBK,Xw6486,HH72379,2428,1.0
ESCUYJGAGX,Qu0258,HH83446,2384,1.0
AJLYHDVMFG,Bn9380,HH09312,2018,1.0
UQRYVXPZMY,Eq8944,HH69906,2026,1.0
QLWYAUHBOZ,Wb5968,HH75816,2035,1.0
SCGJGYQNVI,Fs4181,HH63791,2124,1.0
CZDOOTXNDK,Fe5648,HH02079,2147,1.0
RXJGEONFYV,Jm4917,HH25500,2298,1.0
ADCSVCKFLL,Vo5503,HH39722,2150,1.0
EVAMPVODXP,Vp1678,HH45223,2388,1.0
FWGKIQNALL,Ma3615,HH57942,2152,1.0
ONUWOCMWLB,Df7867,HH84694,2049,1.0
VWNMYPHUHA,Ld6402,HH49228,2227,1.0
JXTXQRAHZC,De8701,HH52465,2404,1.0
CCCPUUSCNN,Ce1658,HH96910,2349,1.0
LGPHJVOIEK,Wn6721,HH85964,2287,1.0
MXMJPNJNDL,Zy7612,HH55298,2454,1.0
EQZFBYNISQ,Dy8823,HH06793,2453,1.0
YJXSWTRPUD,Yz6095,HH06303,2058,1.0
RQIPTVXBWS,Em8602,HH21740,2043,1.0
MLWNUBKCWX,Sy9490,HH64916,2193,1.0
EDYHFHGZHM,Ty6493,HH34423,2466,1.0
SNYAAMFECX,Qw3129,HH26258,2344,1.0
FVOZAILBPN,Ui4123,HH27696,2328,1.0
AIHBFBPGVA,Vf5860,HH46443,2480,1.0
YWLDNTCCQP,Sz6263,HH72729,2422,1.0
MKOPIDIQVY,Qi3845,HH48684,2361,1.0
ZSCOMCEVYS,Ul5090,HH19561,2391,1.0
LFQJRQGUIO,Of2090,HH87467,2371,1.0
BFVVRKMZFM,Xy0041,HH59914,2270,1.0
TWZNKKMXHS,Td6126,HH05131,2005,1.0
ZFLYPDZKNX,Wo4069,HH31628,2210,1.0
ZGNMVQKXAG,Hl7491,HH73451,2098,1.0
YTGCAUKGRU,Jg9386,HH07666,2125,1.0
AJKWNBEEOT,Jd7620,HH64800,2281,1.0
ZBKZCZUFUE,Dz3249,HH79488,2285,1.0
HELUBGOELD,Mf4273,HH20766,2191,1.0
DEQMNDRWGS,Fp3588,HH02760,2358,1.0
KHVHVOKULD,Va2791,HH07892,2488,1.0
ZZKAGIHDSG,Br2336,HH07254,2133,1.0
YJXWWADBWT,Wn8090,HH26253,2459,1.0
SUCWPTYFVW,Hl5025,HH17293,2335,1.0
NRSRBQKHGB,Fh8630,HH64213,2292,1.0
ROMMZUCUKW,Nb2958,HH00917,2444,1.0
DIVEPBDXTD,Aa3116,HH20516,2472,1.0
TITZKSAGZS,Iq2838,HH96364,2132,1.0
EJEZXXQNMD,Yx5977,HH42599,2419,1.0
RUUTVSHAXJ,Wy4328,HH39091,2458,1.0
AWUWHMXDBJ,Kw0096,HH26474,2274,1.0
NHCAACWWRZ,Yu9246,HH74673,2164,1.0
TRMCWKOYJP,Wo7744,HH86335,2400,1.0
SSKGTBJZDS,Dh2588,HH95762,2013,1.0
OXTOWRMCRN,My3800,HH23638,2326,1.0
RLKDNFURTX,Xr8154,HH32237,2380,1.0
VRXNRHYQPN,Tj8021,HH40386,2409,1.0
BJFRZBFMSP,Jb6193,HH99894,2373,1.0
MRCSNEFHYE,Fu4835,HH43938,2354,1.0
BQWSAODHXR,Yx5741,HH66470,2250,1.0
CPFFADQEZU,Io0353,HH16302,2469,1.0
LCHZKHJKZU,Zs0906,HH35021,2317,1.0
XBSWHTIYEY,Ud7616,HH14939,2186,1.0
ZWBIEPZOXR,Yu9067,HH73359,2483,1.0
UOCGMLDIGA,Ld5991,HH06594,2283,1.0
BVYCTHHVKX,Ml2544,HH17076,2305,1.0
ZRTJDAZFHG,Cc4535,HH45364,2348,1.0
YGNULQDFVA,Br0762,HH43354,2036,1.0
OINIEECTXI,Za4903,HH80223,2497,1.0
HFMNSNQNZM,Pg1727,HH85716,2070,1.0
UKKHKPHJNH,Cc6060,HH49782,2401,1.0
THCCWDGBSF,Vt5684,HH68458,2275,1.0
YEAGZUPTBF,Uk7041,HH79644,2336,1.0
BOKLRYIIEZ,Go9455,HH48453,2399,1.0
HYFANEIAUZ,Kt6423,HH69963,2498,1.0
QZDKREEWUW,Ml1316,HH60323,2208,1.0
MXHSLFGZIK,Lh0753,HH01303,2489,1.0
XCRKPXYMZX,Hy0798,HH53574,2273,1.0
YHAHGNQLEH,Xp1526,HH66033,2417,1.0
VWNQBHVYEX,Pk5915,HH31667,2081,1.0
SDKJRPQNGV,Qx5164,HH42743,2394,1.0
XHQGLMHJHR,Ka9844,HH79801,2347,1.0
DLKBUKOWIJ,Hj8244,HH78179,2439,1.0
BYMBPLPELR,Lx8348,HH68761,2233,1.0
UBTTNHYZWS,Lj6165,HH92475,2053,1.0
BLHTGFSPRX,Oi8997,HH70383,2216,1.0
GTOLKKMPFK,Ec6448,HH95197,2241,1.0
PSMEXXAAJS,Yt4649,HH09453,2420,1.0
ODRPNIQJMP,Zg8450,HH13184,2313,1.0
SSUUZYYGTD,Kp1885,HH12290,2441,1.0
XGLIUIKCYV,Zj7821,HH17750,2450,1.0
ZOQFCOCVJM,Qz3146,HH84614,2198,1.0
EMFJFSUXJP,Fr2244,HH60410,2356,1.0
VXNSDMTFCO,Fy1060,HH15177,2071,1.0
SUYKZEVXOP,Ve6351,HH42344,2239,1.0
BVGLOFXOYL,Ll7016,HH38750,2118,1.0
FFKAQTMTIE,Mh9730,HH64255,2011,1.0
BYSHYXMLOA,Py8937,HH57098,2196,1.0
YNSUMJUKFT,Pu3604,HH87044,2200,1.0
